{
  "device": "cuda",
  "model_path": "D:\\WorkSpace\\NPR-DeepfakeDetection\\paper_baseline_10ep2026_04_10_00_47_16\\model_epoch_best.pth",
  "threshold": 0.5,
  "generated_at": "20260410_153954",
  "results": [
    {
      "num_samples": 4000,
      "accuracy": 0.52775,
      "precision": 0.5323615160349854,
      "recall": 0.4565,
      "f1": 0.4915208613728129,
      "average_precision": 0.5175254118140808,
      "roc_auc": 0.5468215,
      "real_accuracy": 0.599,
      "fake_accuracy": 0.4565,
      "tn": 1198,
      "fp": 802,
      "fn": 1087,
      "tp": 913,
      "dataset": "ForenSynths__biggan",
      "dataset_root": "D:\\WorkSpace\\NPR-DeepfakeDetection\\dataset\\ForenSynths\\test\\biggan",
      "benchmark": "ForenSynths",
      "subset": "biggan"
    },
    {
      "num_samples": 2642,
      "accuracy": 0.668433005299016,
      "precision": 0.648630594522378,
      "recall": 0.7350492051476154,
      "f1": 0.6891412349183819,
      "average_precision": 0.7084443873457478,
      "roc_auc": 0.7284516524253585,
      "real_accuracy": 0.6018168054504164,
      "fake_accuracy": 0.7350492051476154,
      "tn": 795,
      "fp": 526,
      "fn": 350,
      "tp": 971,
      "dataset": "ForenSynths__cyclegan",
      "dataset_root": "D:\\WorkSpace\\NPR-DeepfakeDetection\\dataset\\ForenSynths\\test\\cyclegan",
      "benchmark": "ForenSynths",
      "subset": "cyclegan"
    },
    {
      "num_samples": 5405,
      "accuracy": 0.5176688251618872,
      "precision": 0.5148644233910487,
      "recall": 0.5841363973313566,
      "f1": 0.5473172425768362,
      "average_precision": 0.5370502920246096,
      "roc_auc": 0.5348224122015158,
      "real_accuracy": 0.4514222386405615,
      "fake_accuracy": 0.5841363973313566,
      "tn": 1222,
      "fp": 1485,
      "fn": 1122,
      "tp": 1576,
      "dataset": "ForenSynths__deepfake",
      "dataset_root": "D:\\WorkSpace\\NPR-DeepfakeDetection\\dataset\\ForenSynths\\test\\deepfake",
      "benchmark": "ForenSynths",
      "subset": "deepfake"
    },
    {
      "num_samples": 10000,
      "accuracy": 0.6005,
      "precision": 0.58656330749354,
      "recall": 0.681,
      "f1": 0.6302637667746414,
      "average_precision": 0.5793695735727594,
      "roc_auc": 0.62940152,
      "real_accuracy": 0.52,
      "fake_accuracy": 0.681,
      "tn": 2600,
      "fp": 2400,
      "fn": 1595,
      "tp": 3405,
      "dataset": "ForenSynths__gaugan",
      "dataset_root": "D:\\WorkSpace\\NPR-DeepfakeDetection\\dataset\\ForenSynths\\test\\gaugan",
      "benchmark": "ForenSynths",
      "subset": "gaugan"
    },
    {
      "num_samples": 8000,
      "accuracy": 0.9075,
      "precision": 0.8950557440620456,
      "recall": 0.92325,
      "f1": 0.9089342850110755,
      "average_precision": 0.9711158989625344,
      "roc_auc": 0.96870440625,
      "real_accuracy": 0.89175,
      "fake_accuracy": 0.92325,
      "tn": 3567,
      "fp": 433,
      "fn": 307,
      "tp": 3693,
      "dataset": "ForenSynths__progan",
      "dataset_root": "D:\\WorkSpace\\NPR-DeepfakeDetection\\dataset\\ForenSynths\\test\\progan",
      "benchmark": "ForenSynths",
      "subset": "progan"
    },
    {
      "num_samples": 3998,
      "accuracy": 0.6820910455227613,
      "precision": 0.730379746835443,
      "recall": 0.5772886443221611,
      "f1": 0.6448728695166247,
      "average_precision": 0.745599162407278,
      "roc_auc": 0.7445442330970387,
      "real_accuracy": 0.7868934467233617,
      "fake_accuracy": 0.5772886443221611,
      "tn": 1573,
      "fp": 426,
      "fn": 845,
      "tp": 1154,
      "dataset": "ForenSynths__stargan",
      "dataset_root": "D:\\WorkSpace\\NPR-DeepfakeDetection\\dataset\\ForenSynths\\test\\stargan",
      "benchmark": "ForenSynths",
      "subset": "stargan"
    },
    {
      "num_samples": 11982,
      "accuracy": 0.7282590552495409,
      "precision": 0.8313544947904047,
      "recall": 0.5726923718911701,
      "f1": 0.6781972721881795,
      "average_precision": 0.8287969149165941,
      "roc_auc": 0.8093361736255972,
      "real_accuracy": 0.8838257386079119,
      "fake_accuracy": 0.5726923718911701,
      "tn": 5295,
      "fp": 696,
      "fn": 2560,
      "tp": 3431,
      "dataset": "ForenSynths__stylegan",
      "dataset_root": "D:\\WorkSpace\\NPR-DeepfakeDetection\\dataset\\ForenSynths\\test\\stylegan",
      "benchmark": "ForenSynths",
      "subset": "stylegan"
    }
  ]
}