dataset,benchmark,subset,num_samples,accuracy,precision,recall,f1,average_precision,roc_auc,real_accuracy,fake_accuracy,tn,fp,fn,tp,dataset_root
ForenSynths__biggan,ForenSynths,biggan,4000,0.52775,0.5323615160349854,0.4565,0.4915208613728129,0.5175254118140808,0.5468215,0.599,0.4565,1198,802,1087,913,D:\WorkSpace\NPR-DeepfakeDetection\dataset\ForenSynths\test\biggan
ForenSynths__cyclegan,ForenSynths,cyclegan,2642,0.668433005299016,0.648630594522378,0.7350492051476154,0.6891412349183819,0.7084443873457478,0.7284516524253585,0.6018168054504164,0.7350492051476154,795,526,350,971,D:\WorkSpace\NPR-DeepfakeDetection\dataset\ForenSynths\test\cyclegan
ForenSynths__deepfake,ForenSynths,deepfake,5405,0.5176688251618872,0.5148644233910487,0.5841363973313566,0.5473172425768362,0.5370502920246096,0.5348224122015158,0.4514222386405615,0.5841363973313566,1222,1485,1122,1576,D:\WorkSpace\NPR-DeepfakeDetection\dataset\ForenSynths\test\deepfake
ForenSynths__gaugan,ForenSynths,gaugan,10000,0.6005,0.58656330749354,0.681,0.6302637667746414,0.5793695735727594,0.62940152,0.52,0.681,2600,2400,1595,3405,D:\WorkSpace\NPR-DeepfakeDetection\dataset\ForenSynths\test\gaugan
ForenSynths__progan,ForenSynths,progan,8000,0.9075,0.8950557440620456,0.92325,0.9089342850110755,0.9711158989625344,0.96870440625,0.89175,0.92325,3567,433,307,3693,D:\WorkSpace\NPR-DeepfakeDetection\dataset\ForenSynths\test\progan
ForenSynths__stargan,ForenSynths,stargan,3998,0.6820910455227613,0.730379746835443,0.5772886443221611,0.6448728695166247,0.745599162407278,0.7445442330970387,0.7868934467233617,0.5772886443221611,1573,426,845,1154,D:\WorkSpace\NPR-DeepfakeDetection\dataset\ForenSynths\test\stargan
ForenSynths__stylegan,ForenSynths,stylegan,11982,0.7282590552495409,0.8313544947904047,0.5726923718911701,0.6781972721881795,0.8287969149165941,0.8093361736255972,0.8838257386079119,0.5726923718911701,5295,696,2560,3431,D:\WorkSpace\NPR-DeepfakeDetection\dataset\ForenSynths\test\stylegan
